{"arch": "arch.mlp_set5f_weight", "nh": 23, "nh2": 154, "nh3": 342, "nlayers": 5, "nlayers2": 1, "nlayers3": 2, "margin": 5.902790626414554, "epochs": 82, "lr": 0.009512078154588944, "decay": 2.2815322573750668e-07, "batch": 17}